<!--

    This file is part of fr.inria.plasmalab.root.

    fr.inria.plasmalab.root is free software: you can redistribute it and/or modify
    it under the terms of the GNU Lesser General Public License as published by
    the Free Software Foundation, either version 3 of the License, or
    (at your option) any later version.

    fr.inria.plasmalab.root is distributed in the hope that it will be useful,
    but WITHOUT ANY WARRANTY; without even the implied warranty of
    MERCHANTABILITY or FITNESS FOR A PARTICULAR PURPOSE.  See the
    GNU Lesser General Public License for more details.

    You should have received a copy of the GNU Lesser General Public License
    along with fr.inria.plasmalab.root.  If not, see <http://www.gnu.org/licenses/>.

-->
<configuration>

	<appender name="STDOUT" class="ch.qos.logback.core.ConsoleAppender">
		<!-- encoders are assigned the type ch.qos.logback.classic.encoder.PatternLayoutEncoder 
			by default -->
		<encoder>
			<pattern>%d{HH:mm:ss.SSS} [%thread] %-5level %logger{36} - %msg%n</pattern>
		</encoder>
	</appender>

	<!-- limit jetty logs  (distributed) -->
	<logger name="org.eclipse.*" level="error">
		<appender-ref ref="STDOUT" />
	</logger>
	
	<!-- limite restlet logs (distributed) -->
	<logger name="org.restlet" level="error">
		<appender-ref ref="STDOUT" />
	</logger>
	<logger name="org.restlet.*" level="error">
		<appender-ref ref="STDOUT" />
	</logger>
	
	<!--  Disable logging from server component -->
	<logger name="fr.inria.plasmalab.distributed.restlet.ExperimentationServerComponent" level="error">
		<appender-ref ref="STDOUT" />
	</logger>
	
	
	<root level="info">
		<appender-ref ref="STDOUT" />
	</root>

</configuration>
